{
  "collapse-filter": true,
  "search": "path:INFM109",
  "showTags": false,
  "showAttachments": false,
  "hideUnresolved": false,
  "showOrphans": true,
  "collapse-color-groups": true,
  "colorGroups": [
    {
      "query": "path:INFM109",
      "color": {
        "a": 1,
        "rgb": 14048348
      }
    },
    {
      "query": "path:ENGL111",
      "color": {
        "a": 1,
        "rgb": 14069084
      }
    }
  ],
  "collapse-display": true,
  "showArrow": false,
  "textFadeMultiplier": 0,
  "nodeSizeMultiplier": 0.758823529411765,
  "lineSizeMultiplier": 1.12941176470588,
  "collapse-forces": false,
  "centerStrength": 0.420168067226891,
  "repelStrength": 10.0840336134454,
  "linkStrength": 0.0672268907563025,
  "linkDistance": 291,
  "scale": 0.5087618855792595,
  "close": false
}