{
  "main": {
    "id": "336ee2cffbbfa919",
    "type": "split",
    "children": [
      {
        "id": "ae448badf72c03fc",
        "type": "tabs",
        "children": [
          {
            "id": "9fdb53dcfa1079ac",
            "type": "leaf",
            "state": {
              "type": "markdown",
              "state": {
                "file": "M02 - Hardware, Software, and System Acquisition Notes.md",
                "mode": "source",
                "source": false
              }
            }
          }
        ]
      }
    ],
    "direction": "vertical"
  },
  "left": {
    "id": "43412dbd4fff00c1",
    "type": "split",
    "children": [
      {
        "id": "95a21f5600d044cc",
        "type": "tabs",
        "children": [
          {
            "id": "52f0853b6c9b4a38",
            "type": "leaf",
            "state": {
              "type": "file-explorer",
              "state": {
                "sortOrder": "alphabetical"
              }
            }
          },
          {
            "id": "5f8b280cd3e05ce0",
            "type": "leaf",
            "state": {
              "type": "search",
              "state": {
                "query": "",
                "matchingCase": false,
                "explainSearch": false,
                "collapseAll": false,
                "extraContext": false,
                "sortOrder": "alphabetical"
              }
            }
          },
          {
            "id": "37d70e8a098eb37c",
            "type": "leaf",
            "state": {
              "type": "bookmarks",
              "state": {}
            }
          },
          {
            "id": "80f5f14282e462a4",
            "type": "leaf",
            "state": {
              "type": "mk-file-view",
              "state": {}
            }
          }
        ],
        "currentTab": 3
      }
    ],
    "direction": "horizontal",
    "width": 200
  },
  "right": {
    "id": "8d74f90d4eec8882",
    "type": "split",
    "children": [
      {
        "id": "ab281cd21af49a04",
        "type": "tabs",
        "children": [
          {
            "id": "5a7349ed2eed73b7",
            "type": "leaf",
            "state": {
              "type": "backlink",
              "state": {
                "file": "M02 - Hardware, Software, and System Acquisition Notes.md",
                "collapseAll": false,
                "extraContext": false,
                "sortOrder": "alphabetical",
                "showSearch": false,
                "searchQuery": "",
                "backlinkCollapsed": true,
                "unlinkedCollapsed": true
              }
            }
          },
          {
            "id": "f7126ce6f5ec50d9",
            "type": "leaf",
            "state": {
              "type": "outgoing-link",
              "state": {
                "file": "M02 - Hardware, Software, and System Acquisition Notes.md",
                "linksCollapsed": false,
                "unlinkedCollapsed": true
              }
            }
          },
          {
            "id": "7807f062f3dd74e5",
            "type": "leaf",
            "state": {
              "type": "tag",
              "state": {
                "sortOrder": "frequency",
                "useHierarchy": true
              }
            }
          },
          {
            "id": "13f739a31fbef3e8",
            "type": "leaf",
            "state": {
              "type": "outline",
              "state": {
                "file": "M02 - Hardware, Software, and System Acquisition Notes.md"
              }
            }
          },
          {
            "id": "54396075e722c2ee",
            "type": "leaf",
            "state": {
              "type": "calendar",
              "state": {}
            }
          }
        ]
      }
    ],
    "direction": "horizontal",
    "width": 300,
    "collapsed": true
  },
  "left-ribbon": {
    "hiddenItems": {
      "switcher:Open quick switcher": false,
      "graph:Open graph view": false,
      "canvas:Create new canvas": false,
      "daily-notes:Open today's daily note": false,
      "templates:Insert template": false,
      "command-palette:Open command palette": false,
      "markdown-importer:Open format converter": false,
      "zk-prefixer:Create new unique note": false,
      "workspaces:Manage workspace layouts": false,
      "templater-obsidian:Templater": false
    }
  },
  "active": "9fdb53dcfa1079ac",
  "lastOpenFiles": [
    "Pasted image 20230829114927.png",
    "Pasted image 20230829113831.png",
    "Pasted image 20230829113613.png",
    "Pasted image 20230829113416.png",
    "Pasted image 20230829113151.png",
    "Pasted image 20230829110847.png",
    "Pasted image 20230829102252.png",
    "Pasted image 20230829102244.png",
    "Pasted image 20230829100203.png",
    "Pasted image 20230829100046.png",
    "In-Progress Assignments.md",
    "M02 - Hardware, Software, and System Acquisition Notes.md",
    "IVYT111/IVYT 111, Student Success Main.md",
    "INFM109/Interorganizational IS.md",
    "INFM109/Data-Driven Decision-Making questions.md",
    "ENGL111/Late-work Policy.md",
    "ENGL111/ENGL111 Main.md",
    "INFM109/Information System Strategic Planning.md",
    "INFM109/M1 - Essential Concepts and Introduction to Information Systems.md",
    "INFM109/Value Chain.md",
    "INFM109/Information Systems Careers.md",
    "INFM109/IS.md",
    "INFM109/Types of Information Systems.md",
    "ENGL111/Closed Research theme.md",
    "ENGL111/Course Outline.md",
    "ENGL111/Instructional Method.md",
    "ENGL111/Plagiarism.md",
    "INFM109/Enterprise Information System.md",
    "IVYT111",
    "INFM109/Personal Information System.md",
    "INFM109/inbound logistics.md",
    "INFM109/Leavitt's Diamond.md",
    "INFM109/Workgroup Information System.md",
    "INFM109/Typical Information System Roles.md",
    "INFM109/Strategic Planning.md",
    "INFM109/Shadow IT.md",
    "INFM109/Pasted image 20230824105549.png",
    "Context/#infm109.mdb",
    "INFM109",
    ".md",
    "ENGL111",
    "context.mdb",
    "Context/spacesLastSync.log",
    "Context"
  ]
}